--输入表数据：增加、删除、修改记录
USE PXSCJ
-- 学生表添加记录
INSERT INTO xsb (学号, 姓名, 性别, 出生日期, 专业, 总学分, 备注)
VALUES ('新学号', '新姓名', 0, '1990-01-01', '新专业', 0, '新备注'),
    ('4101220429', '刘鑫睿', 0, '2004-08-28', '计算机科学与技术', 50, null),
    ('4101220441', '张金月', 0, '2004-06-06', '计算机科学与技术', 52, '有一门课不及格待补考'),
    ('4101220431', '武迎春', 0, '2004-02-04', '计算机科学与技术', 48, '已提前修完一门课'),
    ('4101220432', '李怡佳', 0, '2002-12-29', '计算机科学与技术', 42, null),
    ('4101220426', '邓道霖', 1, '2003-02-01', '计算机科学与技术', 47, null);
	--这里只显示小组的信息作为展示


 
-- 课程表添加记录
insert into kcb (课程号, 课程名, 开课学期, 学时, 学分)
values ('101', '数据库原理与应用', 1, 80, 5),
       ('102', '微机原理与接口技术', 2, 68, 4),
       ('206', '离散数学', 4, 68, 4);
 
-- 成绩表添加记录
insert into cjb (学号, 课程号, 成绩)
values ('4101220429', '101', 80),
       ('4101220429', '102', 78),
       ('4101220429', '206', 76),
       ('4101220441', '101', 62),
       ('4101220441', '102', 70),
       ('4101220431', '101', 85),
       ('4101220431', '102', 64),
       ('4101220431', '206', 87),
       ('4101220432', '101', 65),
       ('4101220426', '101', 1);
	   --这里只显示小组的信息作为展示




--查询是否添加成功

SELECT
    学号,
    姓名,
    CASE WHEN 性别 = 0 THEN '女' ELSE '男' END AS 性别,
    出生日期,
    专业,
    总学分,
    备注
FROM
    xsb;
    



-- 修改 xsb 数据：学号4101220429的姓名改刘鑫睿
update xsb set 姓名='刘鑫睿' where 学号='4101220429';
 
-- 修改 cjb 数据：学号4101220426成绩+90
update cjb set 成绩=成绩+90 where 学号='4101220426';
 
-- 删除 cjb 数据：删除学号4101220426的成绩
delete from cjb where 学号='4101220426';
 
-- 数据恢复
insert into cjb values ('4101220426', '101', 91);
